<?xml version="1.0" encoding="UTF-8" ?>
<!DOCTYPE configuration
        PUBLIC "-//mybatis.org//DTD Config 3.0//EN"
        "http://mybatis.org/dtd/mybatis-3-config.dtd">
<!-- 通过这个配置文件完成mybatis与数据库的连接 -->
<configuration>
    <!-- 引入 database.properties 文件-->
    <properties resource="database.properties"/>
    <settings> <!--setting配置项里的参数配置会影响mybatis整个运行过程-->
        <!-- 配置log4j输出日志信息 -->
        <setting name="logImpl" value="LOG4J" />
        <!--自动驼峰对照 表列名为b_id 实体属性名为bId-->
        <setting name="mapUnderscoreToCamelCase" value="true"/> <!--默认是关闭的-->
        <!---开启或者关闭懒加载 延时加载 默认的时候mybatis是关闭赖加载的-->
        <!--<setting name="lazyLoadingEnabled" value="true"/>
        <setting name="aggressiveLazyLoading" value="false"/>-->

    </settings>

    <!--环境配置-->
    <environments default="development">
        <environment id="development">
            <!--配置事务管理，采用JDBC的事务管理  --> <!--事务控制类型-->
            <transactionManager type="JDBC"></transactionManager>
            <!-- POOLED:mybatis自带的数据源，JNDI:基于tomcat的数据源 -->
            <dataSource type="POOLED">
                <property name="driver" value="${driver}"/>
                <property name="url" value="${url}"/>
                <property name="username" value="${user}"/>
                <property name="password" value="${password}"/>
                <!--数据库连接池，启动的时候创建8个Connection连接-->
                <property name="poolMaximumActiveConnections" value="8"/>
            </dataSource>
        </environment>

    </environments>
    <!-- 将mapper文件加入到配置文件中 -->
    <mappers>
        <!--resource:告诉batis以什么方法查找这些mapper配置文件,market/UserMapper1.xml:指出mapper的配置在工程的哪个目录下-->
        <!--注意:如果你的包名是com.xxx,resource="com/xxx"-->
        <!--如果所有的mapper.xml文件都放在同一包下,可以写成:resource="com/xxx/*.xml"-->
        <mapper resource="market/UserMapper1.xml"/>
        <mapper resource="market/BatisMapper.xml"/>
        <mapper resource="market/ParameterMapper.xml"/>
        <mapper resource="market/OrderMapper1.xml"/>
        <mapper resource="market/DynamicSQLMapper.xml"/>
        <mapper resource="market/Lasy.xml"/>

        <!--使用注解的方式配置sql语法-->
        <mapper class="market.dao.AnnotationMapper"></mapper>
        <!-- 通过包的方式去引入
        <package name="market.dao"/>
        -->

    </mappers>
</configuration>
